Workbook

Sheet Loads
A1: name | B1: P | C1: Q | K1: Wyjściowe | Q1: Poczatkowe | U1: Matlab
A2: Ld1 | B2: =_xlfn.XLOOKUP(A2,'Do podmianki'!A:A,'Do podmianki'!B:B,K2) -> 6.7 | C2: =_xlfn.XLOOKUP(A2,'Do podmianki'!B:B,'Do podmianki'!C:C,L2) -> 1.1 | K2: 6.7 | L2: 1.1 | Q2: 6.7 | R2: 1.1 | U2: 12.285377 | V2: 1.1
A3: Ld10 | B3: =_xlfn.XLOOKUP(A3,'Do podmianki'!A:A,'Do podmianki'!B:B,K3) -> 7.5 | C3: =_xlfn.XLOOKUP(A3,'Do podmianki'!B:B,'Do podmianki'!C:C,L3) -> 1.7 | K3: 7.5 | L3: 1.7 | Q3: 7.5 | R3: 1.7 | U3: 20.20262 | V3: 1.7
A4: Ld100 | B4: =_xlfn.XLOOKUP(A4,'Do podmianki'!A:A,'Do podmianki'!B:B,K4) -> 12.4 | C4: =_xlfn.XLOOKUP(A4,'Do podmianki'!B:B,'Do podmianki'!C:C,L4) -> 0.9 | K4: 12.4 | L4: 0.9 | Q4: 12.4 | R4: 0.9 | U4: 10.620026 | V4: 0.9
A5: Ld102 | B5: =_xlfn.XLOOKUP(A5,'Do podmianki'!A:A,'Do podmianki'!B:B,K5) -> 6.3 | C5: =_xlfn.XLOOKUP(A5,'Do podmianki'!B:B,'Do podmianki'!C:C,L5) -> 0.4 | K5: 6.3 | L5: 0.4 | Q5: 6.3 | R5: 0.4 | U5: 4.368134 | V5: 0.4
A6: Ld103 | B6: =_xlfn.XLOOKUP(A6,'Do podmianki'!A:A,'Do podmianki'!B:B,K6) -> 4.8 | C6: =_xlfn.XLOOKUP(A6,'Do podmianki'!B:B,'Do podmianki'!C:C,L6) -> 0.1 | K6: 4.8 | L6: 0.1 | Q6: 4.8 | R6: 0.1 | U6: 1.365042 | V6: 0.1
A7: Ld104 | B7: =_xlfn.XLOOKUP(A7,'Do podmianki'!A:A,'Do podmianki'!B:B,K7) -> 8.3 | C7: =_xlfn.XLOOKUP(A7,'Do podmianki'!B:B,'Do podmianki'!C:C,L7) -> 0.6 | K7: 8.3 | L7: 0.6 | Q7: 8.3 | R7: 0.6 | U7: 6.770607 | V7: 0.6
A8: Ld105 | B8: =_xlfn.XLOOKUP(A8,'Do podmianki'!A:A,'Do podmianki'!B:B,K8) -> 4.2 | C8: =_xlfn.XLOOKUP(A8,'Do podmianki'!B:B,'Do podmianki'!C:C,L8) -> 0.1 | K8: 4.2 | L8: 0.1 | Q8: 4.2 | R8: 0.1 | U8: 0.627919 | V8: 0.1
A9: Ld107 | B9: =_xlfn.XLOOKUP(A9,'Do podmianki'!A:A,'Do podmianki'!B:B,K9) -> 11.6 | C9: =_xlfn.XLOOKUP(A9,'Do podmianki'!B:B,'Do podmianki'!C:C,L9) -> 1.6 | K9: 11.6 | L9: 1.6 | Q9: 11.6 | R9: 1.6 | U9: 18.673773 | V9: 1.6
A10: Ld108 | B10: =_xlfn.XLOOKUP(A10,'Do podmianki'!A:A,'Do podmianki'!B:B,K10) -> 8.2 | C10: =_xlfn.XLOOKUP(A10,'Do podmianki'!B:B,'Do podmianki'!C:C,L10) -> 0.4 | K10: 8.2 | L10: 0.4 | Q10: 8.2 | R10: 0.4 | U10: 4.190679 | V10: 0.4
A11: Ld109 | B11: =_xlfn.XLOOKUP(A11,'Do podmianki'!A:A,'Do podmianki'!B:B,K11) -> 10 | C11: =_xlfn.XLOOKUP(A11,'Do podmianki'!B:B,'Do podmianki'!C:C,L11) -> 1 | K11: 10 | L11: 1 | Q11: 10 | R11: 1 | U11: 11.329847 | V11: 1
A12: Ld11 | B12: =_xlfn.XLOOKUP(A12,'Do podmianki'!A:A,'Do podmianki'!B:B,K12) -> 8.3 | C12: =_xlfn.XLOOKUP(A12,'Do podmianki'!B:B,'Do podmianki'!C:C,L12) -> 0.7 | K12: 8.3 | L12: 0.7 | Q12: 8.3 | R12: 0.7 | U12: 8.599764 | V12: 0.7
A13: Ld110 | B13: =_xlfn.XLOOKUP(A13,'Do podmianki'!A:A,'Do podmianki'!B:B,K13) -> 6 | C13: =_xlfn.XLOOKUP(A13,'Do podmianki'!B:B,'Do podmianki'!C:C,L13) -> 0.2 | K13: 6 | L13: 0.2 | Q13: 6 | R13: 0.2 | U13: 2.675482 | V13: 0.2
... A167: Ld72 | B167: =_xlfn.XLOOKUP(A167,'Do podmianki'!A:A,'Do podmianki'!B:B,K167) -> 4.7 | C167: =_xlfn.XLOOKUP(A167,'Do podmianki'!B:B,'Do podmianki'!C:C,L167) -> 0.1 | K167: 4.7 | L167: 0.1 | Q167: 4.7 | R167: 0.1 | U167: 1.365042 | V167: 0.1
A168: Ld73 | B168: 30 | C168: =_xlfn.XLOOKUP(A168,'Do podmianki'!B:B,'Do podmianki'!C:C,L168) -> 0.6 | K168: 1 | L168: 0.6 | Q168: 1 | R168: 0.6 | U168: 6.770607 | V168: 0.6
A169: Ld74 | B169: =_xlfn.XLOOKUP(A169,'Do podmianki'!A:A,'Do podmianki'!B:B,K169) -> 4.4 | C169: =_xlfn.XLOOKUP(A169,'Do podmianki'!B:B,'Do podmianki'!C:C,L169) -> 0.3 | K169: 4.4 | L169: 0.3 | Q169: 4.4 | R169: 0.3 | U169: 0.627919 | V169: 0.3
A170: Ld76 | B170: =_xlfn.XLOOKUP(A170,'Do podmianki'!A:A,'Do podmianki'!B:B,K170) -> 16.3 | C170: =_xlfn.XLOOKUP(A170,'Do podmianki'!B:B,'Do podmianki'!C:C,L170) -> 0.1 | K170: 16.3 | L170: 0.1 | Q170: 16.299999 | R170: 0.1 | U170: 18.673773 | V170: 0.1
A171: Ld77 | B171: =_xlfn.XLOOKUP(A171,'Do podmianki'!A:A,'Do podmianki'!B:B,K171) -> 6.1 | C171: =_xlfn.XLOOKUP(A171,'Do podmianki'!B:B,'Do podmianki'!C:C,L171) -> 1.6 | K171: 6.1 | L171: 1.6 | Q171: 6.1 | R171: 1.6 | U171: 4.190679 | V171: 1.6
A172: Ld771 | B172: =_xlfn.XLOOKUP(A172,'Do podmianki'!A:A,'Do podmianki'!B:B,K172) -> 5.5 | C172: =_xlfn.XLOOKUP(A172,'Do podmianki'!B:B,'Do podmianki'!C:C,L172) -> 0.4 | K172: 5.5 | L172: 0.4 | Q172: 5.5 | R172: 0.4 | U172: 11.329847 | V172: 0.4
A173: Ld772 | B173: =_xlfn.XLOOKUP(A173,'Do podmianki'!A:A,'Do podmianki'!B:B,K173) -> 9.7 | C173: =_xlfn.XLOOKUP(A173,'Do podmianki'!B:B,'Do podmianki'!C:C,L173) -> 1 | K173: 9.7 | L173: 1 | Q173: 9.7 | R173: 1 | U173: 8.599764 | V173: 1
A174: Ld78 | B174: =_xlfn.XLOOKUP(A174,'Do podmianki'!A:A,'Do podmianki'!B:B,K174) -> 5.8 | C174: =_xlfn.XLOOKUP(A174,'Do podmianki'!B:B,'Do podmianki'!C:C,L174) -> 0.7 | K174: 5.8 | L174: 0.7 | Q174: 5.8 | R174: 0.7 | U174: 2.675482 | V174: 0.7
A175: Ld789 | B175: =_xlfn.XLOOKUP(A175,'Do podmianki'!A:A,'Do podmianki'!B:B,K175) -> 9 | C175: =_xlfn.XLOOKUP(A175,'Do podmianki'!B:B,'Do podmianki'!C:C,L175) -> 0.2 | K175: 9 | L175: 0.2 | Q175: 9 | R175: 0.2 | U175: 3.57641 | V175: 0.2
A176: Ld79 | B176: =_xlfn.XLOOKUP(A176,'Do podmianki'!A:A,'Do podmianki'!B:B,K176) -> 59.1 | C176: =_xlfn.XLOOKUP(A176,'Do podmianki'!B:B,'Do podmianki'!C:C,L176) -> 0.3 | K176: 59.1 | L176: 0.3 | Q176: 6.1 | R176: 0.3 | U176: 2.484376 | V176: 0.3
A177: Ld8 | B177: =_xlfn.XLOOKUP(A177,'Do podmianki'!A:A,'Do podmianki'!B:B,K177) -> 5 | C177: =_xlfn.XLOOKUP(A177,'Do podmianki'!B:B,'Do podmianki'!C:C,L177) -> 0.2 | K177: 5 | L177: 0.2 | Q177: 5 | R177: 0.2 | U177: 1.924709 | V177: 0.2
A178: Ld80 | B178: =_xlfn.XLOOKUP(A178,'Do podmianki'!A:A,'Do podmianki'!B:B,K178) -> 4.8 | C178: =_xlfn.XLOOKUP(A178,'Do podmianki'!B:B,'Do podmianki'!C:C,L178) -> 0.2 | K178: 4.8 | L178: 0.2 | Q178: 4.8 | R178: 0.2 | U178: 2.675482 | V178: 0.2
A179: Ld81 | B179: =_xlfn.XLOOKUP(A179,'Do podmianki'!A:A,'Do podmianki'!B:B,K179) -> 6.8 | C179: =_xlfn.XLOOKUP(A179,'Do podmianki'!B:B,'Do podmianki'!C:C,L179) -> 0.2 | K179: 6.8 | L179: 0.2 | Q179: 6.8 | R179: 0.2 | U179: 3.57641 | V179: 0.2
A180: Ld84 | B180: =_xlfn.XLOOKUP(A180,'Do podmianki'!A:A,'Do podmianki'!B:B,K180) -> 48.4 | C180: =_xlfn.XLOOKUP(A180,'Do podmianki'!B:B,'Do podmianki'!C:C,L180) -> 0.3 | K180: 48.4 | L180: 0.3 | Q180: 48.400002 | R180: 0.3 | U180: 73.029739 | V180: 0.3
... A193: Ld99 | B193: =_xlfn.XLOOKUP(A193,'Do podmianki'!A:A,'Do podmianki'!B:B,K193) -> 30.9 | C193: =_xlfn.XLOOKUP(A193,'Do podmianki'!B:B,'Do podmianki'!C:C,L193) -> 4.5 | K193: 30.9 | L193: 4.5 | Q193: 30.9 | R193: 4.5 | U193: 45.362289 | V193: 4.5

Sheet Generators
A1: name | B1: P | C1: Q | K1: Wyjściowe | O1: MATLAB | U1: Początkowe | X1: 49.5 | Y1: 37.400002 | Z1: 61.5 | AA1: 38.799999 | AB1: 24.700001 | AC1: 106.9 | AD1: 29.5 | AE1: 84.699997 | AF1: 49.5 | AG1: 29.5 | AH1: 3.1 | AI1: 197.7 | AJ1: 291.39999 | AK1: 51.5 | AL1: 54.099998 | AM1: 14 | AN1: 30.1 | AO1: 18.700001 | AP1: 46.099998 | AQ1: 36.799999 | AR1: 56.799999 | AS1: 20.5 | AT1: 44.099998 | AU1: 103.6 | AV1: 49.5 | AW1: 30.700001 | AX1: 26.1 | AY1: 38.799999 | AZ1: 27.4 | BA1: 3.3 | BB1: 40.799999 | BC1: 32.099998 | BD1: 13.4 | BE1: 46.099998 | BF1: 6.7 | BG1: 14.7 | BH1: 65.5 | BI1: 9.4 | BJ1: 11.6 | BK1: 145.7 | BL1: 46.799999 | BM1: 37.400002 | BN1: 77.5 | BO1: 10.6 | BP1: 38.099998 | BQ1: 149.7 | BR1: 139 | BS1: 18.700001 | BT1: 26.700001 | BU1: 44.599998 | BV1: 55.799999 | BW1: 52 | BX1: 21.4 | BY1: 6.7 | BZ1: 236 | CA1: 40.299999 | CB1: 33.200001 | CC1: 80.199997 | CD1: 60.200001 | CE1: 38.799999 | CF1: 42.099998 | CG1: 64.199997 | CH1: 98.900002 | CI1: 38.799999 | CJ1: 1
A2: Gen1 | B2: =_xlfn.XLOOKUP(A2,'Do podmianki'!A:A,'Do podmianki'!B:B,K2) -> 40.2 | C2: =_xlfn.XLOOKUP(A2,'Do podmianki'!B:B,'Do podmianki'!C:C,L2) -> 177.1 | I2: =_xlfn.XLOOKUP(A2,'Do podmianki'!A:A,'Do podmianki'!B:B,Generators!B2) -> 40.2 | K2: 40.2 | L2: 177.1 | O2: 47.480621 | P2: 13.809848 | U2: 40.102177 | V2: 135.5 | X2: 135.5 | Y2: -1 | Z2: -135.5 | AA2: 2.2 | AB2: 23.700001 | AC2: 76.400002 | AD2: 135.5 | AE2: 135.5 | AF2: -48.700001 | AG2: -111.7 | AH2: -7.1 | AI2: 135.5 | AJ2: -17.4 | AK2: -10.6 | AL2: -37.099998 | AM2: -17.6 | AN2: -14.7 | AO2: 3.4 | AP2: -5.1 | AQ2: 135.5 | AR2: -16.4 | AS2: -4.5 | AT2: 135.5 | AU2: -11.1 | AV2: 116.8 | AW2: 113.5 | AX2: -9.8 | AY2: -17 | AZ2: -36.900002 | BA2: -135.5 | BB2: 135.5 | BC2: 113 | BD2: 4 | BE2: 120.5 | BF2: 78.800003 | BG2: -135.5 | BH2: -135.5 | BI2: 119.7 | BJ2: -126.7 | BK2: 135.5 | BL2: -78.5 | BM2: 120.2 | BN2: -113.7 | BO2: -135.5 | BP2: 2.1 | BQ2: 9.7 | BR2: -135.5 | BS2: -135.5 | BT2: 121 | BU2: -8 | BV2: -3.1 | BW2: -2 | BX2: 135.5 | BY2: -40.599998 | BZ2: -7.4 | CA2: 40.599998 | CB2: 39.299999 | CC2: 53.5 | CD2: -135.5 | CE2: 25.799999 | CF2: 0.7 | CG2: -6.8 | CH2: -135.5 | CI2: 0.8 | CJ2: 1
A3: Gen10 | B3: =_xlfn.XLOOKUP(A3,'Do podmianki'!A:A,'Do podmianki'!B:B,K3) -> 30.5 | C3: =_xlfn.XLOOKUP(A3,'Do podmianki'!B:B,'Do podmianki'!C:C,L3) -> -1.2 | I3: =_xlfn.XLOOKUP(A3,'Do podmianki'!A:A,'Do podmianki'!B:B,Generators!B3) -> 30.5 | K3: 30.5 | L3: -1.2 | O3: 29.77479 | P3: 3.7075994 | U3: 28.530404 | V3: -1
A4: Gen10029 | B4: =_xlfn.XLOOKUP(A4,'Do podmianki'!A:A,'Do podmianki'!B:B,K4) -> 51.7 | C4: =_xlfn.XLOOKUP(A4,'Do podmianki'!B:B,'Do podmianki'!C:C,L4) -> -107.1 | I4: =_xlfn.XLOOKUP(A4,'Do podmianki'!A:A,'Do podmianki'!B:B,Generators!B4) -> 51.7 | K4: 51.7 | L4: -107.1 | O4: 53.949558 | P4: 10.954925 | U4: 53.927509 | V4: -135.5
A5: Gen108 | B5: =_xlfn.XLOOKUP(A5,'Do podmianki'!A:A,'Do podmianki'!B:B,K5) -> 42.8 | C5: =_xlfn.XLOOKUP(A5,'Do podmianki'!B:B,'Do podmianki'!C:C,L5) -> 11.9 | I5: =_xlfn.XLOOKUP(A5,'Do podmianki'!A:A,'Do podmianki'!B:B,Generators!B5) -> 42.8 | K5: 42.8 | L5: 11.9 | O5: 41.749512 | P5: 8.4776 | U5: 33.318725 | V5: 2.2
A6: Gen11 | B6: =_xlfn.XLOOKUP(A6,'Do podmianki'!A:A,'Do podmianki'!B:B,K6) -> 22.9 | C6: =_xlfn.XLOOKUP(A6,'Do podmianki'!B:B,'Do podmianki'!C:C,L6) -> 59.1 | I6: =_xlfn.XLOOKUP(A6,'Do podmianki'!A:A,'Do podmianki'!B:B,Generators!B6) -> 22.9 | K6: 22.9 | L6: 59.1 | O6: 30.47617 | P6: 6.1884503 | U6: 14.664228 | V6: 23.700001
A7: Gen119 | B7: =_xlfn.XLOOKUP(A7,'Do podmianki'!A:A,'Do podmianki'!B:B,K7) -> 100.1 | C7: =_xlfn.XLOOKUP(A7,'Do podmianki'!B:B,'Do podmianki'!C:C,L7) -> 88.5 | I7: =_xlfn.XLOOKUP(A7,'Do podmianki'!A:A,'Do podmianki'!B:B,Generators!B7) -> 100.1 | K7: 100.1 | L7: 88.5 | O7: 128.00129 | P7: 8.4461844 | U7: 95.315361 | V7: 76.400002
A8: Gen124 | B8: =_xlfn.XLOOKUP(A8,'Do podmianki'!A:A,'Do podmianki'!B:B,K8) -> 29.3 | C8: =_xlfn.XLOOKUP(A8,'Do podmianki'!B:B,'Do podmianki'!C:C,L8) -> 142.5 | I8: =_xlfn.XLOOKUP(A8,'Do podmianki'!A:A,'Do podmianki'!B:B,Generators!B8) -> 29.3 | K8: 29.3 | L8: 142.5 | O8: 21.151521 | P8: 4.2949995 | U8: 20.825491 | V8: 135.5
A9: Gen125 | B9: =_xlfn.XLOOKUP(A9,'Do podmianki'!A:A,'Do podmianki'!B:B,K9) -> 70.9 | C9: =_xlfn.XLOOKUP(A9,'Do podmianki'!B:B,'Do podmianki'!C:C,L9) -> 230.3 | I9: =_xlfn.XLOOKUP(A9,'Do podmianki'!A:A,'Do podmianki'!B:B,Generators!B9) -> 70.9 | K9: 70.9 | L9: 230.3 | O9: 109.48239 | P9: 22.231348 | U9: 84.137733 | V9: 135.5
A10: Gen126 | B10: =_xlfn.XLOOKUP(A10,'Do podmianki'!A:A,'Do podmianki'!B:B,K10) -> 45.1 | C10: =_xlfn.XLOOKUP(A10,'Do podmianki'!B:B,'Do podmianki'!C:C,L10) -> -130.4 | I10: =_xlfn.XLOOKUP(A10,'Do podmianki'!A:A,'Do podmianki'!B:B,Generators!B10) -> 45.1 | K10: 45.1 | L10: -130.4 | O10: 35.789719 | P10: 7.2674124 | U10: 52.139011 | V10: -48.700001
A11: Gen130 | B11: =_xlfn.XLOOKUP(A11,'Do podmianki'!A:A,'Do podmianki'!B:B,K11) -> 32.7 | C11: =_xlfn.XLOOKUP(A11,'Do podmianki'!B:B,'Do podmianki'!C:C,L11) -> -124.2 | I11: =_xlfn.XLOOKUP(A11,'Do podmianki'!A:A,'Do podmianki'!B:B,Generators!B11) -> 32.7 | K11: 32.7 | L11: -124.2 | O11: 37.960027 | P11: 7.7081122 | U11: 25.5459 | V11: -111.7
A12: Gen138 | B12: =_xlfn.XLOOKUP(A12,'Do podmianki'!A:A,'Do podmianki'!B:B,K12) -> 3.6 | C12: =_xlfn.XLOOKUP(A12,'Do podmianki'!B:B,'Do podmianki'!C:C,L12) -> -7.4 | I12: =_xlfn.XLOOKUP(A12,'Do podmianki'!A:A,'Do podmianki'!B:B,Generators!B12) -> 3.6 | K12: 3.6 | L12: -7.4 | O12: 2.639432 | P12: 0.53595953 | U12: 4.105669 | V12: -7.0999999
A13: Gen139 | B13: =_xlfn.XLOOKUP(A13,'Do podmianki'!A:A,'Do podmianki'!B:B,K13) -> 196.7 | C13: =_xlfn.XLOOKUP(A13,'Do podmianki'!B:B,'Do podmianki'!C:C,L13) -> 144.4 | I13: =_xlfn.XLOOKUP(A13,'Do podmianki'!A:A,'Do podmianki'!B:B,Generators!B13) -> 196.7 | K13: 196.7 | L13: 144.4 | O13: 189.37579 | P13: 0.017326624 | U13: 174.9729 | V13: 135.5
A14: Gen141 | B14: =_xlfn.XLOOKUP(A14,'Do podmianki'!A:A,'Do podmianki'!B:B,K14) -> 302.6 | C14: =_xlfn.XLOOKUP(A14,'Do podmianki'!B:B,'Do podmianki'!C:C,L14) -> -18.3 | I14: =_xlfn.XLOOKUP(A14,'Do podmianki'!A:A,'Do podmianki'!B:B,Generators!B14) -> 302.6 | K14: 302.6 | L14: -18.3 | O14: 421.89191 | P14: 0.063983367 | U14: 393.34641 | V14: -17.4
... A58: Gen7039 | B58: =_xlfn.XLOOKUP(A58,'Do podmianki'!A:A,'Do podmianki'!B:B,K58) -> 28.3 | C58: =_xlfn.XLOOKUP(A58,'Do podmianki'!B:B,'Do podmianki'!C:C,L58) -> -8.6 | I58: =_xlfn.XLOOKUP(A58,'Do podmianki'!A:A,'Do podmianki'!B:B,Generators!B58) -> 28.3 | K58: 28.3 | L58: -8.6 | O58: 33.06628 | P58: 6.7143945 | U58: 37.807774 | V58: 39.299999
A59: Gen71 | B59: =_xlfn.XLOOKUP(A59,'Do podmianki'!A:A,'Do podmianki'!B:B,K59) -> 80 | C59: =_xlfn.XLOOKUP(A59,'Do podmianki'!B:B,'Do podmianki'!C:C,L59) -> 11.4 | I59: 102.4 | K59: 80 | L59: 11.4 | O59: 81.202301 | P59: 0 | U59: 22.744517 | V59: 53.5
A60: Gen76 | B60: =_xlfn.XLOOKUP(A60,'Do podmianki'!A:A,'Do podmianki'!B:B,K60) -> 63.5 | C60: =_xlfn.XLOOKUP(A60,'Do podmianki'!B:B,'Do podmianki'!C:C,L60) -> 64.5 | I60: =_xlfn.XLOOKUP(A60,'Do podmianki'!A:A,'Do podmianki'!B:B,Generators!B60) -> 63.5 | K60: 63.5 | L60: 64.5 | O60: 82.43866 | P60: 25.095948 | U60: 51.474433 | V60: -135.5
A61: Gen772 | B61: =_xlfn.XLOOKUP(A61,'Do podmianki'!A:A,'Do podmianki'!B:B,K61) -> 40.6 | C61: =_xlfn.XLOOKUP(A61,'Do podmianki'!B:B,'Do podmianki'!C:C,L61) -> -100.2 | I61: =_xlfn.XLOOKUP(A61,'Do podmianki'!A:A,'Do podmianki'!B:B,Generators!B61) -> 40.6 | K61: 40.6 | L61: -100.2 | O61: 35.697041 | P61: 7.2485933 | U61: 28.231133 | V61: 25.799999
A62: Gen8 | B62: =_xlfn.XLOOKUP(A62,'Do podmianki'!A:A,'Do podmianki'!B:B,K62) -> 31.7 | C62: =_xlfn.XLOOKUP(A62,'Do podmianki'!B:B,'Do podmianki'!C:C,L62) -> -6.3 | I62: =_xlfn.XLOOKUP(A62,'Do podmianki'!A:A,'Do podmianki'!B:B,Generators!B62) -> 31.7 | K62: 31.7 | L62: -6.3 | O62: 40.46521 | P62: 0.28990616 | U62: 38.206799 | V62: 0.69999999
A63: Gen84 | B63: =_xlfn.XLOOKUP(A63,'Do podmianki'!A:A,'Do podmianki'!B:B,K63) -> 77 | C63: =_xlfn.XLOOKUP(A63,'Do podmianki'!B:B,'Do podmianki'!C:C,L63) -> -10.4 | I63: =_xlfn.XLOOKUP(A63,'Do podmianki'!A:A,'Do podmianki'!B:B,Generators!B63) -> 77 | K63: 77 | L63: -10.4 | O63: 67.663071 | P63: 13.739573 | U63: 64.343043 | V63: -6.8000002
A64: Gen9001 | B64: =_xlfn.XLOOKUP(A64,'Do podmianki'!A:A,'Do podmianki'!B:B,K64) -> 96.7 | C64: =_xlfn.XLOOKUP(A64,'Do podmianki'!B:B,'Do podmianki'!C:C,L64) -> -20.1 | I64: =_xlfn.XLOOKUP(A64,'Do podmianki'!A:A,'Do podmianki'!B:B,Generators!B64) -> 96.7 | K64: 96.7 | L64: -20.1 | O64: 107.0805 | P64: 12.113349 | U64: 80.802892 | V64: -135.5
A65: Gen91 | B65: =_xlfn.XLOOKUP(A65,'Do podmianki'!A:A,'Do podmianki'!B:B,K65) -> 41.5 | C65: =_xlfn.XLOOKUP(A65,'Do podmianki'!B:B,'Do podmianki'!C:C,L65) -> -48.8 | I65: =_xlfn.XLOOKUP(A65,'Do podmianki'!A:A,'Do podmianki'!B:B,Generators!B65) -> 41.5 | K65: 41.5 | L65: -48.8 | O65: 31.7335 | P65: 6.443762 | U65: 27.73235 | V65: 8e-11
A66: Gen92 | B66: =_xlfn.XLOOKUP(A66,'Do podmianki'!A:A,'Do podmianki'!B:B,K66) -> 1.2 | C66: =_xlfn.XLOOKUP(A66,'Do podmianki'!B:B,'Do podmianki'!C:C,L66) -> 0.4 | I66: =_xlfn.XLOOKUP(A66,'Do podmianki'!A:A,'Do podmianki'!B:B,Generators!B66) -> 1.2 | K66: 1.2 | L66: 0.4 | O66: 0.911902 | P66: 0.1851696 | U66: 0.59854 | V66: 0

Sheet PV
A1: name | B1: P | C1: Q | K1: Wyjściowe
A2: PV1 | B2: =_xlfn.XLOOKUP(A2,'Do podmianki'!A:A,'Do podmianki'!B:B,K2) -> 1e-10 | C2: 0 | K2: 1e-10 | L2: 0
A3: PV10 | B3: =_xlfn.XLOOKUP(A3,'Do podmianki'!A:A,'Do podmianki'!B:B,K3) -> 1e-10 | C3: 0 | K3: 1e-10 | L3: 0
A4: PV100 | B4: =_xlfn.XLOOKUP(A4,'Do podmianki'!A:A,'Do podmianki'!B:B,K4) -> 1e-10 | C4: 0 | K4: 1e-10 | L4: 0
A5: PV102 | B5: =_xlfn.XLOOKUP(A5,'Do podmianki'!A:A,'Do podmianki'!B:B,K5) -> 1e-10 | C5: 0 | K5: 1e-10 | L5: 0
A6: PV103 | B6: =_xlfn.XLOOKUP(A6,'Do podmianki'!A:A,'Do podmianki'!B:B,K6) -> 1e-10 | C6: 0 | K6: 1e-10 | L6: 0
A7: PV104 | B7: =_xlfn.XLOOKUP(A7,'Do podmianki'!A:A,'Do podmianki'!B:B,K7) -> 1e-10 | C7: 0 | K7: 1e-10 | L7: 0
A8: PV105 | B8: =_xlfn.XLOOKUP(A8,'Do podmianki'!A:A,'Do podmianki'!B:B,K8) -> 1e-10 | C8: 0 | K8: 1e-10 | L8: 0
A9: PV107 | B9: =_xlfn.XLOOKUP(A9,'Do podmianki'!A:A,'Do podmianki'!B:B,K9) -> 1e-10 | C9: 0 | K9: 1e-10 | L9: 0
A10: PV108 | B10: =_xlfn.XLOOKUP(A10,'Do podmianki'!A:A,'Do podmianki'!B:B,K10) -> 1e-10 | C10: 0 | K10: 1e-10 | L10: 0
A11: PV109 | B11: =_xlfn.XLOOKUP(A11,'Do podmianki'!A:A,'Do podmianki'!B:B,K11) -> 1e-10 | C11: 0 | K11: 1e-10 | L11: 0
A12: PV11 | B12: =_xlfn.XLOOKUP(A12,'Do podmianki'!A:A,'Do podmianki'!B:B,K12) -> 1e-10 | C12: 0 | K12: 1e-10 | L12: 0
A13: PV110 | B13: =_xlfn.XLOOKUP(A13,'Do podmianki'!A:A,'Do podmianki'!B:B,K13) -> 1e-10 | C13: 0 | K13: 1e-10 | L13: 0
... A108: PV99 | B108: =_xlfn.XLOOKUP(A108,'Do podmianki'!A:A,'Do podmianki'!B:B,K108) -> 1e-10 | C108: 0 | K108: 1e-10 | L108: 0

Sheet StatGen
A1: name | B1: P | C1: Q | K1: Wyjściowe
A2: FW.10 | B2: =_xlfn.XLOOKUP(A2,'Do podmianki'!A:A,'Do podmianki'!B:B,K2) -> 0 | C2: =_xlfn.XLOOKUP(A2,'Do podmianki'!A:A,'Do podmianki'!C:C,L2) -> 0 | K2: 0 | L2: 0
A3: FW.13 | B3: =_xlfn.XLOOKUP(A3,'Do podmianki'!A:A,'Do podmianki'!B:B,K3) -> 0 | C3: =_xlfn.XLOOKUP(A3,'Do podmianki'!A:A,'Do podmianki'!C:C,L3) -> 0 | K3: 0 | L3: 0
A4: FW.20 | B4: =_xlfn.XLOOKUP(A4,'Do podmianki'!A:A,'Do podmianki'!B:B,K4) -> 0 | C4: =_xlfn.XLOOKUP(A4,'Do podmianki'!A:A,'Do podmianki'!C:C,L4) -> 0 | K4: 0 | L4: 0
A5: FW.21 | B5: =_xlfn.XLOOKUP(A5,'Do podmianki'!A:A,'Do podmianki'!B:B,K5) -> 0 | C5: =_xlfn.XLOOKUP(A5,'Do podmianki'!A:A,'Do podmianki'!C:C,L5) -> 0 | K5: 0 | L5: 0
A6: FW.7 | B6: =_xlfn.XLOOKUP(A6,'Do podmianki'!A:A,'Do podmianki'!B:B,K6) -> 0 | C6: =_xlfn.XLOOKUP(A6,'Do podmianki'!A:A,'Do podmianki'!C:C,L6) -> 0 | K6: 0 | L6: 0
A7: FW.11 | B7: =_xlfn.XLOOKUP(A7,'Do podmianki'!A:A,'Do podmianki'!B:B,K7) -> 0 | C7: =_xlfn.XLOOKUP(A7,'Do podmianki'!A:A,'Do podmianki'!C:C,L7) -> 0 | K7: 0 | L7: 0
A8: FW.5 | B8: =_xlfn.XLOOKUP(A8,'Do podmianki'!A:A,'Do podmianki'!B:B,K8) -> 0 | C8: =_xlfn.XLOOKUP(A8,'Do podmianki'!A:A,'Do podmianki'!C:C,L8) -> 0 | K8: 0 | L8: 0
A9: FW.6 | B9: =_xlfn.XLOOKUP(A9,'Do podmianki'!A:A,'Do podmianki'!B:B,K9) -> 0 | C9: =_xlfn.XLOOKUP(A9,'Do podmianki'!A:A,'Do podmianki'!C:C,L9) -> 0 | K9: 0 | L9: 0
A10: FW.8 | B10: =_xlfn.XLOOKUP(A10,'Do podmianki'!A:A,'Do podmianki'!B:B,K10) -> 0 | C10: =_xlfn.XLOOKUP(A10,'Do podmianki'!A:A,'Do podmianki'!C:C,L10) -> 0 | K10: 0 | L10: 0
A11: FW.14 | B11: =_xlfn.XLOOKUP(A11,'Do podmianki'!A:A,'Do podmianki'!B:B,K11) -> 0 | C11: =_xlfn.XLOOKUP(A11,'Do podmianki'!A:A,'Do podmianki'!C:C,L11) -> 0 | K11: 0 | L11: 0
A12: FW.2 | B12: =_xlfn.XLOOKUP(A12,'Do podmianki'!A:A,'Do podmianki'!B:B,K12) -> 0 | C12: =_xlfn.XLOOKUP(A12,'Do podmianki'!A:A,'Do podmianki'!C:C,L12) -> 0 | K12: 0 | L12: 0
A13: FW.9 | B13: =_xlfn.XLOOKUP(A13,'Do podmianki'!A:A,'Do podmianki'!B:B,K13) -> 0 | C13: =_xlfn.XLOOKUP(A13,'Do podmianki'!A:A,'Do podmianki'!C:C,L13) -> 0 | K13: 0 | L13: 0
... A134: ES110 | B134: =_xlfn.XLOOKUP(A134,'Do podmianki'!A:A,'Do podmianki'!B:B,K134) -> 0 | C134: =_xlfn.XLOOKUP(A134,'Do podmianki'!A:A,'Do podmianki'!C:C,L134) -> 0 | K134: 0 | L134: 0
A135: GenSta1 | B135: =_xlfn.XLOOKUP($P135,Generators!$A:$A,Generators!B:B) -> 40.2 | C135: =_xlfn.XLOOKUP($P135,Generators!$A:$A,Generators!C:C) -> 177.1 | P135: Gen1 | Q135: =_xlfn.XLOOKUP($P135,Generators!$A:$A,Generators!B:B) -> 40.2 | R135: =_xlfn.XLOOKUP($P135,Generators!$A:$A,Generators!C:C) -> 177.1
A136: GenSta10 | B136: =_xlfn.XLOOKUP($P136,Generators!$A:$A,Generators!B:B) -> 30.5 | C136: =_xlfn.XLOOKUP($P136,Generators!$A:$A,Generators!C:C) -> -1.2 | P136: Gen10 | Q136: =_xlfn.XLOOKUP($P136,Generators!$A:$A,Generators!B:B) -> 30.5 | R136: =_xlfn.XLOOKUP($P136,Generators!$A:$A,Generators!C:C) -> -1.2
A137: GenSta108 | B137: =_xlfn.XLOOKUP($P137,Generators!$A:$A,Generators!B:B) -> 42.8 | C137: =_xlfn.XLOOKUP($P137,Generators!$A:$A,Generators!C:C) -> 11.9 | P137: Gen108 | Q137: =_xlfn.XLOOKUP($P137,Generators!$A:$A,Generators!B:B) -> 42.8 | R137: =_xlfn.XLOOKUP($P137,Generators!$A:$A,Generators!C:C) -> 11.9
A138: GenSta11 | B138: =_xlfn.XLOOKUP($P138,Generators!$A:$A,Generators!B:B) -> 22.9 | C138: =_xlfn.XLOOKUP($P138,Generators!$A:$A,Generators!C:C) -> 59.1 | P138: Gen11 | Q138: =_xlfn.XLOOKUP($P138,Generators!$A:$A,Generators!B:B) -> 22.9 | R138: =_xlfn.XLOOKUP($P138,Generators!$A:$A,Generators!C:C) -> 59.1
A139: GenSta17 | B139: =_xlfn.XLOOKUP($P139,Generators!$A:$A,Generators!B:B) -> 18.3 | C139: =_xlfn.XLOOKUP($P139,Generators!$A:$A,Generators!C:C) -> -17.3 | P139: Gen17 | Q139: =_xlfn.XLOOKUP($P139,Generators!$A:$A,Generators!B:B) -> 18.3 | R139: =_xlfn.XLOOKUP($P139,Generators!$A:$A,Generators!C:C) -> -17.3
A140: GenSta2 | B140: =_xlfn.XLOOKUP($P140,Generators!$A:$A,Generators!B:B) -> 66.9 | C140: =_xlfn.XLOOKUP($P140,Generators!$A:$A,Generators!C:C) -> 117.2 | P140: Gen2 | Q140: =_xlfn.XLOOKUP($P140,Generators!$A:$A,Generators!B:B) -> 66.9 | R140: =_xlfn.XLOOKUP($P140,Generators!$A:$A,Generators!C:C) -> 117.2
A141: GenSta20 | B141: =_xlfn.XLOOKUP($P141,Generators!$A:$A,Generators!B:B) -> 30.9 | C141: =_xlfn.XLOOKUP($P141,Generators!$A:$A,Generators!C:C) -> 116.2 | P141: Gen20 | Q141: =_xlfn.XLOOKUP($P141,Generators!$A:$A,Generators!B:B) -> 30.9 | R141: =_xlfn.XLOOKUP($P141,Generators!$A:$A,Generators!C:C) -> 116.2
A142: GenSta23 | B142: =_xlfn.XLOOKUP($P142,Generators!$A:$A,Generators!B:B) -> 11.2 | C142: =_xlfn.XLOOKUP($P142,Generators!$A:$A,Generators!C:C) -> 110.1 | P142: Gen23 | Q142: =_xlfn.XLOOKUP($P142,Generators!$A:$A,Generators!B:B) -> 11.2 | R142: =_xlfn.XLOOKUP($P142,Generators!$A:$A,Generators!C:C) -> 110.1
A143: GenSta24 | B143: =_xlfn.XLOOKUP($P143,Generators!$A:$A,Generators!B:B) -> 70.8 | C143: =_xlfn.XLOOKUP($P143,Generators!$A:$A,Generators!C:C) -> -96.9 | P143: Gen24 | Q143: =_xlfn.XLOOKUP($P143,Generators!$A:$A,Generators!B:B) -> 70.8 | R143: =_xlfn.XLOOKUP($P143,Generators!$A:$A,Generators!C:C) -> -96.9
A144: GenSta3 | B144: =_xlfn.XLOOKUP($P144,Generators!$A:$A,Generators!B:B) -> 143.5 | C144: =_xlfn.XLOOKUP($P144,Generators!$A:$A,Generators!C:C) -> -98.3 | P144: Gen3 | Q144: =_xlfn.XLOOKUP($P144,Generators!$A:$A,Generators!B:B) -> 143.5 | R144: =_xlfn.XLOOKUP($P144,Generators!$A:$A,Generators!C:C) -> -98.3
A145: GenSta372 | B145: =_xlfn.XLOOKUP($P145,Generators!$A:$A,Generators!B:B) -> 22.3 | C145: =_xlfn.XLOOKUP($P145,Generators!$A:$A,Generators!C:C) -> -100.6 | P145: Gen372 | Q145: =_xlfn.XLOOKUP($P145,Generators!$A:$A,Generators!B:B) -> 22.3 | R145: =_xlfn.XLOOKUP($P145,Generators!$A:$A,Generators!C:C) -> -100.6
A146: GenSta44 | B146: =_xlfn.XLOOKUP($P146,Generators!$A:$A,Generators!B:B) -> 26.8 | C146: =_xlfn.XLOOKUP($P146,Generators!$A:$A,Generators!C:C) -> 128.1 | P146: Gen44 | Q146: =_xlfn.XLOOKUP($P146,Generators!$A:$A,Generators!B:B) -> 26.8 | R146: =_xlfn.XLOOKUP($P146,Generators!$A:$A,Generators!C:C) -> 128.1
... A162: GenSta92 | B162: =_xlfn.XLOOKUP($P162,Generators!$A:$A,Generators!B:B) -> 1.2 | C162: =_xlfn.XLOOKUP($P162,Generators!$A:$A,Generators!C:C) -> 0.4 | P162: Gen92 | Q162: =_xlfn.XLOOKUP($P162,Generators!$A:$A,Generators!B:B) -> 1.2 | R162: =_xlfn.XLOOKUP($P162,Generators!$A:$A,Generators!C:C) -> 0.4

Sheet ExportConfig
A1: Element_Type | B1: Column_Name | C1: PF_Attribute | D1: Unit | E1: Format
A2: ElmTerm | B2: Nazwa | C2: loc_name | D2: - | E2: str
A3: ElmTerm | B3: Un [kV] | C3: uknom | D3: kV | E3: .2f
A4: ElmTerm | B4: U [kV] | C4: m:Ul | D4: kV | E4: .3f
A5: ElmTerm | B5: U [p. u.] | C5: m:u | D5: p.u. | E5: .4f
A6: ElmTerm | B6: Kąt [°] | C6: m:phiu | D6: ° | E6: .2f
A7: ElmLne | B7: Linia | C7: loc_name | D7: - | E7: str
A8: ElmLne | B8: Obciążenie [%] | C8: c:loading | D8: % | E8: .2f
A9: ElmLne | B9: Nominal Current | C9: c:curnom | D9: kA | E9: .3f
A10: ElmLne | B10: Maximum Current | C10: c:Imax | D10: kA | E10: .3f
A11: ElmTr3 | B11: Transformator | C11: loc_name | D11: - | E11: str
A12: ElmTr3 | B12: Obciążenie [%] | C12: c:loading | D12: . 2f
A13: ElmTr3 | B13: Odczep | C13: c:n3tap_h | D13: - | E13: .0f

Sheet Zakresy
A1: Element_Name | B1: Element_Type | C1: Attribute_P | D1: Pmin | E1: Pmax | F1: Attribute_Q | G1: Qmin | H1: Qmax
A2: GenSta1 | B2: ElmGenstat | C2: pgini | D2: =_xlfn.XLOOKUP(A2,[1]StatGen!A:A,[1]StatGen!B:B)*M2 -> 0 | E2: 100 | F2: qgini | G2: =-E2*$I$2 -> 0 | H2: =E2*$I$2 -> 0
A3: GenSta10 | B3: ElmGenstat | C3: pgini | D3: =_xlfn.XLOOKUP(A3,[1]StatGen!A:A,[1]StatGen!B:B)*M3 -> 0 | E3: 100 | F3: qgini | G3: =-E3*$I$2 -> 0 | H3: =E3*$I$2 -> 0
A4: GenSta108 | B4: ElmGenstat | C4: pgini | D4: =_xlfn.XLOOKUP(A4,[1]StatGen!A:A,[1]StatGen!B:B)*M4 -> 0 | E4: 100 | F4: qgini | G4: =-E4*$I$2 -> 0 | H4: =E4*$I$2 -> 0
A5: GenSta11 | B5: ElmGenstat | C5: pgini | D5: =_xlfn.XLOOKUP(A5,[1]StatGen!A:A,[1]StatGen!B:B)*M5 -> 0 | E5: 100 | F5: qgini | G5: =-E5*$I$2 -> 0 | H5: =E5*$I$2 -> 0
A6: GenSta17 | B6: ElmGenstat | C6: pgini | D6: =_xlfn.XLOOKUP(A6,[1]StatGen!A:A,[1]StatGen!B:B)*M6 -> 0 | E6: 100 | F6: qgini | G6: =-E6*$I$2 -> 0 | H6: =E6*$I$2 -> 0
A7: GenSta2 | B7: ElmGenstat | C7: pgini | D7: =_xlfn.XLOOKUP(A7,[1]StatGen!A:A,[1]StatGen!B:B)*M7 -> 0 | E7: 100 | F7: qgini | G7: =-E7*$I$2 -> 0 | H7: =E7*$I$2 -> 0
A8: GenSta20 | B8: ElmGenstat | C8: pgini | D8: =_xlfn.XLOOKUP(A8,[1]StatGen!A:A,[1]StatGen!B:B)*M8 -> 0 | E8: 100 | F8: qgini | G8: =-E8*$I$2 -> 0 | H8: =E8*$I$2 -> 0
A9: GenSta23 | B9: ElmGenstat | C9: pgini | D9: =_xlfn.XLOOKUP(A9,[1]StatGen!A:A,[1]StatGen!B:B)*M9 -> 0 | E9: 100 | F9: qgini | G9: =-E9*$I$2 -> 0 | H9: =E9*$I$2 -> 0
A10: GenSta3 | B10: ElmGenstat | C10: pgini | D10: =_xlfn.XLOOKUP(A10,[1]StatGen!A:A,[1]StatGen!B:B)*M10 -> 0 | E10: 101 | F10: qgini | G10: =-E10*$I$2 -> 0 | H10: =E10*$I$2 -> 0
A11: GenSta44 | B11: ElmGenstat | C11: pgini | D11: =_xlfn.XLOOKUP(A11,[1]StatGen!A:A,[1]StatGen!B:B)*M11 -> 0 | E11: 102 | F11: qgini | G11: =-E11*$I$2 -> 0 | H11: =E11*$I$2 -> 0
A12: GenSta49 | B12: ElmGenstat | C12: pgini | D12: =_xlfn.XLOOKUP(A12,[1]StatGen!A:A,[1]StatGen!B:B)*M12 -> 0 | E12: 103 | F12: qgini | G12: =-E12*$I$2 -> 0 | H12: =E12*$I$2 -> 0
A13: GenSta55 | B13: ElmGenstat | C13: pgini | D13: =_xlfn.XLOOKUP(A13,[1]StatGen!A:A,[1]StatGen!B:B)*M13 -> 0 | E13: 104 | F13: qgini | G13: =-E13*$I$2 -> 0 | H13: =E13*$I$2 -> 0
... A24: GenSta92 | B24: ElmGenstat | C24: pgini | D24: =_xlfn.XLOOKUP(A24,[1]StatGen!A:A,[1]StatGen!B:B)*M24 -> 0 | E24: 115 | F24: qgini | G24: =-E24*$I$2 -> 0 | H24: =E24*$I$2 -> 0
A25: ES.11 | B25: ElmGenstat | C25: pgini | D25: 0 | E25: 121 | F25: qgini | G25: =-E25*$I$2 -> 0 | H25: =E25*$I$2 -> 0
A26: ES.23 | B26: ElmGenstat | C26: pgini | D26: 0 | E26: 122 | F26: qgini | G26: =-E26*$I$2 -> 0 | H26: =E26*$I$2 -> 0
A27: ES.7 | B27: ElmGenstat | C27: pgini | D27: 0 | E27: 123 | F27: qgini | G27: =-E27*$I$2 -> 0 | H27: =E27*$I$2 -> 0
A28: ES.74 | B28: ElmGenstat | C28: pgini | D28: 0 | E28: 124 | F28: qgini | G28: =-E28*$I$2 -> 0 | H28: =E28*$I$2 -> 0
A29: ES.77 | B29: ElmGenstat | C29: pgini | D29: 0 | E29: 125 | F29: qgini | G29: =-E29*$I$2 -> 0 | H29: =E29*$I$2 -> 0
A30: Ld1 | B30: ElmLod | C30: plini | D30: =_xlfn.XLOOKUP(A30,[1]Loads!A:A,[1]Loads!B:B)*M30 -> 0 | E30: 200 | F30: qlini | G30: =-E30*$I$2 -> 0 | H30: =E30*$I$2 -> 0
A31: Ld10 | B31: ElmLod | C31: plini | D31: =_xlfn.XLOOKUP(A31,[1]Loads!A:A,[1]Loads!B:B)*M31 -> 0 | E31: 201 | F31: qlini | G31: =-E31*$I$2 -> 0 | H31: =E31*$I$2 -> 0
A32: Ld100 | B32: ElmLod | C32: plini | D32: =_xlfn.XLOOKUP(A32,[1]Loads!A:A,[1]Loads!B:B)*M32 -> 0 | E32: 202 | F32: qlini | G32: =-E32*$I$2 -> 0 | H32: =E32*$I$2 -> 0
A33: Ld102 | B33: ElmLod | C33: plini | D33: =_xlfn.XLOOKUP(A33,[1]Loads!A:A,[1]Loads!B:B)*M33 -> 0 | E33: 203 | F33: qlini | G33: =-E33*$I$2 -> 0 | H33: =E33*$I$2 -> 0
A34: Ld103 | B34: ElmLod | C34: plini | D34: =_xlfn.XLOOKUP(A34,[1]Loads!A:A,[1]Loads!B:B)*M34 -> 0 | E34: 204 | F34: qlini | G34: =-E34*$I$2 -> 0 | H34: =E34*$I$2 -> 0
A35: Ld104 | B35: ElmLod | C35: plini | D35: =_xlfn.XLOOKUP(A35,[1]Loads!A:A,[1]Loads!B:B)*M35 -> 0 | E35: 205 | F35: qlini | G35: =-E35*$I$2 -> 0 | H35: =E35*$I$2 -> 0
A36: Ld105 | B36: ElmLod | C36: plini | D36: =_xlfn.XLOOKUP(A36,[1]Loads!A:A,[1]Loads!B:B)*M36 -> 0 | E36: 206 | F36: qlini | G36: =-E36*$I$2 -> 0 | H36: =E36*$I$2 -> 0
A37: Ld107 | B37: ElmLod | C37: plini | D37: =_xlfn.XLOOKUP(A37,[1]Loads!A:A,[1]Loads!B:B)*M37 -> 0 | E37: 207 | F37: qlini | G37: =-E37*$I$2 -> 0 | H37: =E37*$I$2 -> 0
A38: Ld108 | B38: ElmLod | C38: plini | D38: =_xlfn.XLOOKUP(A38,[1]Loads!A:A,[1]Loads!B:B)*M38 -> 0 | E38: 208 | F38: qlini | G38: =-E38*$I$2 -> 0 | H38: =E38*$I$2 -> 0
A39: Ld109 | B39: ElmLod | C39: plini | D39: =_xlfn.XLOOKUP(A39,[1]Loads!A:A,[1]Loads!B:B)*M39 -> 0 | E39: 209 | F39: qlini | G39: =-E39*$I$2 -> 0 | H39: =E39*$I$2 -> 0
A40: Ld11 | B40: ElmLod | C40: plini | D40: =_xlfn.XLOOKUP(A40,[1]Loads!A:A,[1]Loads!B:B)*M40 -> 0 | E40: 210 | F40: qlini | G40: =-E40*$I$2 -> 0 | H40: =E40*$I$2 -> 0
A41: Ld110 | B41: ElmLod | C41: plini | D41: =_xlfn.XLOOKUP(A41,[1]Loads!A:A,[1]Loads!B:B)*M41 -> 0 | E41: 211 | F41: qlini | G41: =-E41*$I$2 -> 0 | H41: =E41*$I$2 -> 0
... A137: Ld99 | B137: ElmLod | C137: plini | D137: =_xlfn.XLOOKUP(A137,[1]Loads!A:A,[1]Loads!B:B)*M137 -> 0 | E137: 307 | F137: qlini | G137: =-E137*$I$2 -> 0 | H137: =E137*$I$2 -> 0

Sheet Do podmianki
J1: Gen1 | K1: 3.448632 | L1: -72.056516 | S1: Gen1 | T1: 43.6 | U1: 151.7
J2: Gen10 | K2: 50.034211 | L2: -1.200000 | S2: Gen10 | T2: 30.5 | U2: -1.2
J3: Gen108 | K3: 36.511085 | L3: -0.987729 | S3: Gen10029 | T3: 51.7 | U3: -107.1
J4: Gen11 | K4: 31.695605 | L4: 53.073133 | S4: Gen108 | T4: 42.8 | U4: 11.9
J5: Gen17 | K5: 33.599340 | L5: -17.300000 | S5: Gen11 | T5: 22.9 | U5: 59.1
J6: Gen2 | K6: 67.623943 | L6: 36.486033 | S6: Gen119 | T6: 100.1 | U6: 88.5
J7: Gen20 | K7: 11.631022 | L7: -6.850199 | S7: Gen124 | T7: 29.3 | U7: 142.5
J8: Gen23 | K8: 0.715689 | L8: -65.448130 | S8: Gen125 | T8: 70.9 | U8: 230.3
J9: Gen24 | K9: 34.215523 | L9: -96.900000 | S9: Gen126 | T9: 45.1 | U9: -130.4
J10: Gen3 | K10: 48.373174 | L10: -98.300000 | S10: Gen130 | T10: 32.7 | U10: -124.2
J11: Gen372 | K11: 8.136452 | L11: -100.600000 | S11: Gen138 | T11: 3.6 | U11: -7.4
J12: Gen44 | K12: 0.000000 | L12: 115.282853 | S12: Gen139 | T12: 196.7 | U12: 144.4
... J35: Ld14 | K35: 41.498987 | L35: 4.500000 | S35: Gen221 | T35: 6.6 | U35: 86.9
S36: Gen222 | T36: 16.8 | U36: -95.5
S37: Gen227 | T37: 62.3 | U37: -109.6
S38: Gen23 | T38: 11.2 | U38: 110.1
S39: Gen230 | T39: 10.7 | U39: -93.5
S40: Gen236 | T40: 118.8 | U40: 146.9
S41: Gen238 | T41: 55.7 | U41: -73.9
S42: Gen239 | T42: 43.2 | U42: 121.2
S43: Gen24 | T43: 70.8 | U43: -96.9
S44: Gen241 | T44: 47.8 | U44: -98.5
S45: Gen242 | T45: 46.9 | U45: 1.1
S46: Gen243 | T46: 142.1 | U46: 8.5
S47: Gen3 | T47: 143.5 | U47: -98.3
... S65: Gen92 | T65: 1.2 | U65: 0.4
